-- CLEAN UP ANTES DE INICIAR A CRIAÇÃO DE TABELAS, COMEÇANDO PELAS FOLHAS
DROP TABLE TF_JOGOS;
DROP TABLE TF_JOGADORES;
DROP TABLE TF_TIMES;
DROP TABLE TF_CIDADES;
DROP TABLE TF_ESTADOS;

-- ESTADOS
CREATE TABLE TF_ESTADOS
(
   ID_ESTADO NUMBER (2) NOT NULL,
   NOME VARCHAR (50) NOT NULL,
   SIGLA VARCHAR (2) NOT NULL CHECK(LENGTH(SIGLA) = 2),
   REGIAO VARCHAR (20) NOT NULL CHECK (REGIAO IN ('NORTE', 'NORDESTE', 'SUL', 'SUDESTE', 'CENTRO-OESTE')),

   CONSTRAINT PK_TF_ESTADOS PRIMARY KEY (ID_ESTADO),
   CONSTRAINT AK1_TF_ESTADOS UNIQUE (NOME),
   CONSTRAINT AK2_TF_ESTADOS UNIQUE (SIGLA)
);

-- CIDADES
CREATE TABLE TF_CIDADES
(
   ID_CIDADE NUMBER (4) NOT NULL,
   NOME VARCHAR (50) NOT NULL,
   ID_ESTADO NUMBER (2) NOT NULL,
   DATA_FUNDACAO DATE NOT NULL,
   REGIAO VARCHAR (20) NOT NULL CHECK (REGIAO IN ('CAPITAL', 'INTERIOR', 'CAMPANHA', 'SERRA', 'LITORAL')),

   CONSTRAINT PK_TF_CIDADES PRIMARY KEY (ID_CIDADE),
   CONSTRAINT FK_CID_EST FOREIGN KEY (ID_ESTADO) REFERENCES TF_ESTADOS (ID_ESTADO)
);

-- TIMES
CREATE TABLE TF_TIMES
(
   ID_TIME NUMBER (3) NOT NULL,
   NOME VARCHAR (50) NOT NULL,
   ID_CIDADE NUMBER (4) NOT NULL,
   DATA_FUNDACAO DATE NOT NULL,
   TECNICO VARCHAR (20) NOT NULL,

   CONSTRAINT PK_TF_TIMES PRIMARY KEY (ID_TIME),
   CONSTRAINT AK_TF_TIMES UNIQUE (NOME),
   CONSTRAINT FK_TIMES_CID FOREIGN KEY (ID_CIDADE) REFERENCES TF_CIDADES (ID_CIDADE)
);

-- JOGADORES
CREATE TABLE TF_JOGADORES
(
   ID_JOGADOR NUMBER (5) NOT NULL,
   NOME VARCHAR (100) NOT NULL,
   DATA_NASCIMENTO DATE NOT NULL,
   ID_TIME NUMBER (2) NOT NULL,
   POSICAO VARCHAR (20) NOT NULL,
   ID_CIDADE_NASCIMENTO NUMBER (4),

   CONSTRAINT PK_JOGADORES PRIMARY KEY (ID_JOGADOR),
   CONSTRAINT FK_JOGADORES_TIME FOREIGN KEY (ID_TIME) REFERENCES TF_TIMES (ID_TIME),
   CONSTRAINT FK_JOGADORES_CIDADE FOREIGN KEY (ID_CIDADE_NASCIMENTO) REFERENCES TF_CIDADES (ID_CIDADE)
);

-- JOGOS
CREATE TABLE TF_JOGOS
(
   ID_JOGO NUMBER (8) NOT NULL,
   ID_MANDANTE NUMBER (3) NOT NULL,
   GOLS_MANDANTE NUMBER (2) NOT NULL CHECK (GOLS_MANDANTE >= 0),
   ID_VISITANTE NUMBER (3) NOT NULL,
   GOLS_VISITANTE NUMBER (2) NOT NULL CHECK (GOLS_VISITANTE >= 0),
   DATA_JOGO DATE NOT NULL,

   CONSTRAINT PK_JOGOS PRIMARY KEY (ID_JOGO),
   CONSTRAINT FK_JOGOS_TIME1 FOREIGN KEY (ID_MANDANTE) REFERENCES TF_TIMES (ID_TIME),
   CONSTRAINT FK_JOGOS_TIME2 FOREIGN KEY (ID_VISITANTE) REFERENCES TF_TIMES (ID_TIME)
);

----------------------- INSERÇÃO DE DADOS ---------------------
-- ESTADOS
INSERT INTO TF_ESTADOS VALUES (1,    'ACRE',                'AC',    'NORTE');
INSERT INTO TF_ESTADOS VALUES (2,    'ALAGOAS',             'AL',    'NORDESTE');
INSERT INTO TF_ESTADOS VALUES (3,    'AMAPÁ',               'AP',    'NORTE');
INSERT INTO TF_ESTADOS VALUES (4,    'AMAZONAS',            'AM',    'NORTE');
INSERT INTO TF_ESTADOS VALUES (5,    'BAHIA',               'BA',    'NORDESTE');
INSERT INTO TF_ESTADOS VALUES (6,    'CEARÁ',               'CE',    'NORDESTE');
INSERT INTO TF_ESTADOS VALUES (7,    'DISTRITO FEDERAL',    'DF',    'CENTRO-OESTE');
INSERT INTO TF_ESTADOS VALUES (8,    'ESPÍRITO SANTO',      'ES',    'SUDESTE');
INSERT INTO TF_ESTADOS VALUES (9,    'GOIÁS',               'GO',    'CENTRO-OESTE');
INSERT INTO TF_ESTADOS VALUES (10,   'MARANHÃO',            'MA',    'NORDESTE');
INSERT INTO TF_ESTADOS VALUES (11,   'MATO GROSSO',         'MT',    'CENTRO-OESTE');
INSERT INTO TF_ESTADOS VALUES (12,   'MATO GROSSO DO SUL',  'MS',    'CENTRO-OESTE');
INSERT INTO TF_ESTADOS VALUES (13,   'MINAS GERAIS',        'MG',    'SUDESTE');
INSERT INTO TF_ESTADOS VALUES (14,   'PARÁ',                'PA',    'NORTE');
INSERT INTO TF_ESTADOS VALUES (15,   'PARAÍBA',             'PB',    'NORDESTE');
INSERT INTO TF_ESTADOS VALUES (16,   'PARANÁ',              'PR',    'SUL');
INSERT INTO TF_ESTADOS VALUES (17,   'PERNAMBUCO',          'PE',    'NORDESTE');
INSERT INTO TF_ESTADOS VALUES (18,   'PIAUÍ',               'PI',    'NORDESTE');
INSERT INTO TF_ESTADOS VALUES (19,   'RIO DE JANEIRO',      'RJ',    'SUDESTE');
INSERT INTO TF_ESTADOS VALUES (20,   'RIO GRANDE DO NORTE', 'RN',    'NORDESTE');
INSERT INTO TF_ESTADOS VALUES (21,   'RIO GRANDE DO SUL',   'RS',    'SUL');
INSERT INTO TF_ESTADOS VALUES (22,   'RONDÔNIA',            'RO',    'NORTE');
INSERT INTO TF_ESTADOS VALUES (23,   'RORAIMA',             'RR',    'NORTE');
INSERT INTO TF_ESTADOS VALUES (24,   'SANTA CATARINA',      'SC',    'SUL');
INSERT INTO TF_ESTADOS VALUES (25,   'SÃO PAULO',           'SP',    'SUDESTE');
INSERT INTO TF_ESTADOS VALUES (26,   'SERGIPE',             'SE',    'NORDESTE');
INSERT INTO TF_ESTADOS VALUES (27,   'TOCANTINS',           'TO',    'NORTE');

-- CIDADES
INSERT INTO TF_CIDADES VALUES (1,  'PORTO ALEGRE',      21,  DATE '1772-03-26', 'CAPITAL');
INSERT INTO TF_CIDADES VALUES (2,  'CAXIAS DO SUL',     21,  DATE '1890-06-20', 'SERRA');
INSERT INTO TF_CIDADES VALUES (3,  'NOVO HAMBURGO',     21,  DATE '1927-04-05', 'CAPITAL');
INSERT INTO TF_CIDADES VALUES (4,  'PELOTAS',           21,  DATE '1758-06-18', 'INTERIOR');
INSERT INTO TF_CIDADES VALUES (5,  'SANTA CRUZ DO SUL', 21,  DATE '1877-03-31', 'INTERIOR');
INSERT INTO TF_CIDADES VALUES (6,  'RIO DE JANEIRO',    19,  DATE '1565-03-01', 'CAPITAL');
INSERT INTO TF_CIDADES VALUES (7,  'SÃO PAULO',         25,  DATE '1554-01-25', 'CAPITAL');
INSERT INTO TF_CIDADES VALUES (8,  'SANTOS',            25,  DATE '1565-03-01', 'LITORAL');
INSERT INTO TF_CIDADES VALUES (9,  'BELO HORIZONTE',    13,  DATE '1897-12-12', 'CAPITAL');
INSERT INTO TF_CIDADES VALUES (10, 'CURITIBA',          16,  DATE '1693-03-29', 'CAPITAL');
INSERT INTO TF_CIDADES VALUES (11, 'SALVADOR',           5,  DATE '1549-03-29', 'CAPITAL');
INSERT INTO TF_CIDADES VALUES (12, 'CHAPECÓ',           24,  DATE '1917-08-25', 'INTERIOR');
INSERT INTO TF_CIDADES VALUES (13, 'RECIFE',            17,  DATE '1537-03-12', 'CAPITAL');
INSERT INTO TF_CIDADES VALUES (14, 'FORTALEZA',          6,  DATE '1726-04-13', 'CAPITAL');
INSERT INTO TF_CIDADES VALUES (,   'ACRE',                 1, DATE '',    'CAPITAL');
INSERT INTO TF_CIDADES VALUES (,   'ALAGOAS',              2, DATE '',    'CAPITAL');
INSERT INTO TF_CIDADES VALUES (,   'AMAPÁ',                3, DATE '',    'CAPITAL');
INSERT INTO TF_CIDADES VALUES (,   'AMAZONAS',             4, DATE '',    'CAPITAL');
INSERT INTO TF_CIDADES VALUES (,   'DISTRITO FEDERAL',     7, DATE '',    'CAPITAL');
INSERT INTO TF_CIDADES VALUES (,   'ESPÍRITO SANTO',       8, DATE '',    'CAPITAL');
INSERT INTO TF_CIDADES VALUES (,   'GOIÁS',                9, DATE '',    'CAPITAL');
INSERT INTO TF_CIDADES VALUES (,   'MARANHÃO',            10, DATE '',    'CAPITAL');
INSERT INTO TF_CIDADES VALUES (,   'MATO GROSSO',         11, DATE '',    'CAPITAL');
INSERT INTO TF_CIDADES VALUES (,   'MATO GROSSO DO SUL',  12, DATE '',    'CAPITAL');
INSERT INTO TF_CIDADES VALUES (,   'PARÁ',                14, DATE '',    'CAPITAL');
INSERT INTO TF_CIDADES VALUES (,   'PARAÍBA',             15, DATE '',    'CAPITAL');
INSERT INTO TF_CIDADES VALUES (,   'PIAUÍ',               18, DATE '',    'CAPITAL');
INSERT INTO TF_CIDADES VALUES (,   'RIO GRANDE DO NORTE', 20, DATE '',    'CAPITAL');
INSERT INTO TF_CIDADES VALUES (,   'RONDÔNIA',            22, DATE '',    'CAPITAL');
INSERT INTO TF_CIDADES VALUES (,   'RORAIMA',             23, DATE '',    'CAPITAL');
INSERT INTO TF_CIDADES VALUES (,   'SERGIPE',             26, DATE '',    'CAPITAL');
INSERT INTO TF_CIDADES VALUES (,   'TOCANTINS',           27, DATE '',    'CAPITAL');

-- TIMES
INSERT INTO TF_TIMES VALUES (1,  'CLUBE DE REGATAS DO FLAMENGO',             6,        DATE '1895-11-15', 'MAURÍCIO BARBIERI');
INSERT INTO TF_TIMES VALUES (2,  'GRÊMIO FOOT-BALL PORTO ALEGRENSE',         1,        DATE '1903-09-15', 'RENATO GAÚCHO');
INSERT INTO TF_TIMES VALUES (3,  'SOCIEDADE ESPORTIVA PALMEIRAS',            7,        DATE '1914-08-26', 'ROGER MACHADO');
INSERT INTO TF_TIMES VALUES (4,  'SPORT CLUB CORINTHIANS PAULISTA',          7,        DATE '1910-09-01', 'OSMAR LOSS');
INSERT INTO TF_TIMES VALUES (5,  'SANTOS FC',                                8,        DATE '1912-04-14', 'JAIR VENTURA');
INSERT INTO TF_TIMES VALUES (6,  'CLUB DE REGATAS VASCO DA GAMA',            6,        DATE '1898-08-21', 'JORGINHO');
INSERT INTO TF_TIMES VALUES (7,  'SÃO PAULO FUTEBOL CLUBE',                  7,        DATE '1935-12-16', 'DIEGO AGUIRRE');
INSERT INTO TF_TIMES VALUES (8,  'CRUZEIRO ESPORTE CLUBE',                   9,        DATE '1921-01-02', 'MANO MENEZES');
INSERT INTO TF_TIMES VALUES (9,  'SPORT CLUB INTERNACIONAL',                 1,        DATE '1909-04-04', 'ODAIR HELLMANN');
INSERT INTO TF_TIMES VALUES (10, 'CLUBE ATLÉTICO MINEIRO',                   9,        DATE '1908-03-25', 'THIAGO LARGHI');
INSERT INTO TF_TIMES VALUES (11, 'FLUMINENSE FOOTBALL CLUB',                 6,        DATE '1902-07-21', 'ABEL BRAGA');
INSERT INTO TF_TIMES VALUES (12, 'CLUBE ATLÉTICO PARANAENSE',               10,        DATE '1924-03-26', 'FERNANDO DINIZ');
INSERT INTO TF_TIMES VALUES (13, 'BOTAFOGO DE FUTEBOL E REGATAS',            6,        DATE '1894-07-01', 'ALBERTO VALENTIM');
INSERT INTO TF_TIMES VALUES (14, 'ESPORTE CLUBE BAHIA',                     11,        DATE '1931-01-01', 'ENDERSON MOREIRA');
INSERT INTO TF_TIMES VALUES (15, 'ASSOCIAÇÃO CHAPECOENSE DE FUTEBOL',       12,        DATE '1973-05-10', 'GILSON KLEINA');
INSERT INTO TF_TIMES VALUES (16, 'ESPORTE CLUBE VITÓRIA',                   11,        DATE '1899-05-13', 'VÁGNER MANCINI');
INSERT INTO TF_TIMES VALUES (17, 'SPORT CLUB DO RECIFE',                    13,        DATE '1905-05-13', 'CLAUDINEI OLIVEIRA');
INSERT INTO TF_TIMES VALUES (18, 'AMÉRICA FUTEBOL CLUBE (MG)',               9,        DATE '1912-04-30', 'RICARDO DRUBSCKY');
INSERT INTO TF_TIMES VALUES (19, 'CEARÁ SPORTING CLUB CEARÁ SPORTING CLUB', 14,        DATE '1914-06-02', 'LISCA');
INSERT INTO TF_TIMES VALUES (20, 'PARANÁ CLUBE',                            10,        DATE '1989-12-19', 'ROGÉRIO MICALE');

-- JOGADORES
INSERT INTO TF_JOGADORES VALUES (1, 'PEDRO GEROMEL', DATE '1990-02-10', 2, 'ZAGUEIRO', NULL);
INSERT INTO TF_JOGADORES VALUES (2, 'MARCELO GROHE', DATE '1985-10-02', 2, 'GOLEIRO',  NULL);
INSERT INTO TF_JOGADORES VALUES (3, 'LUAN',          DATE '1987-11-07', 2, 'ATACANTE', NULL);
INSERT INTO TF_JOGADORES VALUES (4, 'JAEL',          DATE '1984-03-26', 2, 'ATACANTE', NULL);
INSERT INTO TF_JOGADORES VALUES (5, 'BRESSAN',       DATE '1989-08-15', 2, 'ZAGUEIRO', NULL);

-- JOGOS
INSERT INTO TF_JOGOS VALUES (1,   1, 5,  2, 5, DATE '2018-06-24 11:00');
INSERT INTO TF_JOGOS VALUES (2,   3, 1,  4, 3, DATE '2018-06-17 20:00');
INSERT INTO TF_JOGOS VALUES (3,   5, 2,  1, 1, DATE '2018-06-10 16:00');
INSERT INTO TF_JOGOS VALUES (4,   2, 0,  3, 0, DATE '2018-06-03 16:00');
INSERT INTO TF_JOGOS VALUES (5,   4, 4,  5, 3, DATE '2018-05-05 19:00');
INSERT INTO TF_JOGOS VALUES (6,   1, 1, 10, 1, DATE '2017-05-15 20:00');
INSERT INTO TF_JOGOS VALUES (7,   4, 1, 15, 1, DATE '2017-05-14 19:00');
INSERT INTO TF_JOGOS VALUES (8,  11, 3,  5, 2, DATE '2017-05-14 16:00');
INSERT INTO TF_JOGOS VALUES (9,  14, 6, 12, 2, DATE '2017-05-14 16:00');
INSERT INTO TF_JOGOS VALUES (10,  8, 1,  7, 0, DATE '2017-05-14 16:00');
INSERT INTO TF_JOGOS VALUES (11,  3, 4,  6, 0, DATE '2017-05-14 11:00');
INSERT INTO TF_JOGOS VALUES (12,  2, 2, 13, 0, DATE '2017-05-13 19:00');
INSERT INTO TF_JOGOS VALUES (13, 15, 1,  3, 0, DATE '2017-05-21 19:00');
INSERT INTO TF_JOGOS VALUES (14,  6, 2, 14, 1, DATE '2017-05-21 16:00');
INSERT INTO TF_JOGOS VALUES (15, 16, 0,  4, 1, DATE '2017-05-21 16:00');
INSERT INTO TF_JOGOS VALUES (16, 12, 0,  2, 2, DATE '2017-05-21 16:00');
INSERT INTO TF_JOGOS VALUES (17, 10, 1, 11, 2, DATE '2017-05-20 19:00');
INSERT INTO TF_JOGOS VALUES (18, 17, 1,  8, 1, DATE '2017-05-20 19:00');
INSERT INTO TF_JOGOS VALUES (19,  7, 2,  3, 0, DATE '2017-05-29 20:00');
INSERT INTO TF_JOGOS VALUES (20,  6, 3, 11, 2, DATE '2017-05-28 19:00');
INSERT INTO TF_JOGOS VALUES (21, 12, 1,  1, 1, DATE '2017-05-28 16:00');
INSERT INTO TF_JOGOS VALUES (22,  5, 0,  8, 1, DATE '2017-05-28 11:00');
INSERT INTO TF_JOGOS VALUES (23, 13, 1, 14, 0, DATE '2017-05-27 21:00');
INSERT INTO TF_JOGOS VALUES (24, 17, 4,  2, 3, DATE '2017-05-27 19:00');


-------------------- CONSULTAS ----------------------------
-- SELECIONA TODOS OS ESTADOS
SELECT * FROM TF_ESTADOS
ORDER BY ID_ESTADO;

-- SELECIONA TODAS AS CIDADES
SELECT * FROM TF_CIDADES
ORDER BY ID_CIDADE;

-- SELECIONA TODOS OS TIMES
SELECT * FROM TF_TIMES
ORDER BY ID_TIME;

-- SELECIONA TODOS OS JOGADORES
SELECT * FROM TF_JOGADORES
ORDER BY ID_JOGADOR;

-- SELECIONA TODOS OS JOGOS
SELECT * FROM TF_JOGOS
ORDER BY DATA_JOGO;

-- SELECIONA TODOS OS JOGOS E EXIBE O NOME DOS TIMES PARTICIPANTES, ASSIM COMO O RESULTADO
SELECT j.id_jogo JOGO, j.data_jogo DATA, mandante.nome MANDANTE, gols_mandante GOLS, visitante.nome VISITANTE, gols_visitante GOLS,
  CASE
    WHEN gols_mandante > gols_visitante THEN mandante.nome
    WHEN gols_mandante < gols_visitante THEN visitante.nome
    ELSE 'EMPATE' END RESULTADO
FROM tf_jogos j
  INNER JOIN tf_times mandante ON j.id_mandante = mandante.id_time
  INNER JOIN tf_times visitante ON j.id_visitante = visitante.id_time
ORDER BY j.id_jogo;
